No,CollarID,UTC_Date,UTC_Time,LMT_Date,LMT_Time,Origin,SCTS_Date,SCTS_Time,ECEF_X [m],ECEF_Y [m],ECEF_Z [m],Latitude [°],Longitude [°],Height [m],DOP,FixType,3D_Error [m],Sats,Sat,C/N,Sat,C/N,Sat,C/N,Sat,C/N,Sat,C/N,Sat,C/N,Sat,C/N,Sat,C/N,Sat,C/N,Sat,C/N,Sat,C/N,Sat,C/N,Mort. Status,Activity,Main [V],Beacon [V],Temp [°C],Easting,Northing,AnimalID,GroupID
1,16263,9/9/2014,1:00:02 PM,9/9/2014,6:00:02 AM,Globalstar,9/9/2014,1:05:56 PM,3789013,911458,5032196,52.4307658,13.5256821,31.64,1.8,val. GPS-3D,,,,,,,,,,,,,,,,,,,,,,,,,,,normal,0,3.68,0.00,26,33399764.465,5809973.243,N/A,N/A
2,16263,9/9/2014,2:00:04 PM,9/9/2014,7:00:04 AM,Globalstar,9/9/2014,2:00:34 PM,3789007,911464,5032202,52.4308303,13.5257885,33.70,1.4,val. GPS-3D,,,,,,,,,,,,,,,,,,,,,,,,,,,normal,0,3.68,0.00,29,33399771.845,5809980.262,N/A,N/A
3,16263,9/9/2014,3:00:17 PM,9/9/2014,8:00:17 AM,Globalstar,9/9/2014,3:00:46 PM,3789002,911452,5032204,52.4308958,13.5256342,30.61,2.4,val. GPS-3D,,,,,,,,,,,,,,,,,,,,,,,,,,,normal,0,3.68,0.00,23,33399761.501,5809987.770,N/A,N/A
4,16263,9/9/2014,4:00:33 PM,9/9/2014,9:00:33 AM,Globalstar,9/9/2014,4:01:02 PM,3789023,911467,5032230,52.4308679,13.5257764,65.80,1.2,val. GPS-3D,,,,,,,,,,,,,,,,,,,,,,,,,,,normal,0,3.68,0.00,25,33399771.105,5809984.462,N/A,N/A
5,16263,9/9/2014,5:00:12 PM,9/9/2014,10:00:12 AM,Globalstar,9/9/2014,5:00:45 PM,3789010,911462,5032200,52.4308018,13.5257496,33.60,1.4,val. GPS-3D,,,,,,,,,,,,,,,,,,,,,,,,,,,normal,0,3.68,0.00,19,33399769.136,5809977.157,N/A,N/A
6,16263,9/9/2014,6:00:32 PM,9/9/2014,11:00:32 AM,Globalstar,9/9/2014,6:01:02 PM,3789008,911466,5032208,52.4308529,13.5258136,39.33,1.4,val. GPS-3D,,,,,,,,,,,,,,,,,,,,,,,,,,,normal,0,3.68,0.00,18,33399773.606,5809982.743,N/A,N/A
7,16263,9/9/2014,7:00:10 PM,9/9/2014,12:00:10 PM,Globalstar,9/9/2014,7:00:40 PM,3788981,911436,5032185,52.4309638,13.5254777,0.82,2.2,val. GPS-3D,,,,,,,,,,,,,,,,,,,,,,,,,,,normal,0,3.68,0.00,17,33399751.016,5809995.548,N/A,N/A
8,16263,9/9/2014,8:00:33 PM,9/9/2014,1:00:33 PM,Globalstar,9/9/2014,8:01:02 PM,3789012,911462,5032208,52.4308318,13.5257427,41.13,1.2,val. GPS-3D,,,,,,,,,,,,,,,,,,,,,,,,,,,normal,0,3.68,0.00,17,33399768.736,5809980.501,N/A,N/A
9,16263,9/9/2014,9:01:22 PM,9/9/2014,2:01:22 PM,Globalstar,9/9/2014,9:01:53 PM,3789037,911473,5032227,52.4307445,13.5258140,72.58,1.8,val. GPS-3D,,,,,,,,,,,,,,,,,,,,,,,,,,,Mortality no radius,0,3.68,0.00,16,33399773.383,5809970.687,N/A,N/A
10,16263,9/9/2014,9:31:20 PM,9/9/2014,2:31:20 PM,Globalstar,9/9/2014,9:31:50 PM,3789000,911458,5032211,52.4309380,13.5257268,35.82,1.6,val. GPS-3D,,,,,,,,,,,,,,,,,,,,,,,,,,,Mortality no radius,0,3.68,0.00,16,33399767.895,5809992.336,N/A,N/A
11,16263,9/9/2014,10:01:20 PM,9/9/2014,3:01:20 PM,Globalstar,9/9/2014,10:01:50 PM,3789009,911456,5032224,52.4309503,13.5256673,51.18,1.6,val. GPS-3D,,,,,,,,,,,,,,,,,,,,,,,,,,,Mortality no radius,0,3.68,0.00,16,33399763.875,5809993.779,N/A,N/A
12,16263,9/9/2014,10:31:19 PM,9/9/2014,3:31:19 PM,Globalstar,9/9/2014,10:31:49 PM,3789001,911446,5032223,52.4310169,13.5255518,44.22,1.6,val. GPS-3D,,,,,,,,,,,,,,,,,,,,,,,,,,,Mortality no radius,0,3.68,0.00,16,33399756.179,5810001.345,N/A,N/A
13,16263,9/9/2014,11:01:34 PM,9/9/2014,4:01:34 PM,Globalstar,9/9/2014,11:02:04 PM,3789002,911451,5032213,52.4309468,13.5256199,37.60,2.2,val. GPS-3D,,,,,,,,,,,,,,,,,,,,,,,,,,,Mortality no radius,0,3.68,0.00,15,33399760.645,5809993.459,N/A,N/A
14,16263,9/9/2014,11:32:03 PM,9/9/2014,4:32:03 PM,Globalstar,9/9/2014,11:32:27 PM,3789002,911458,5032197,52.4308475,13.5257199,25.91,1.2,val. GPS-3D,,,,,,,,,,,,,,,,,,,,,,,,,,,Mortality no radius,0,3.68,0.00,15,33399767.222,5809982.273,N/A,N/A
15,16263,9/10/2014,12:01:19 AM,9/9/2014,5:01:19 PM,Globalstar,9/10/2014,12:01:49 AM,3789018,911461,5032274,52.4311536,13.5257078,96.86,1.4,val. GPS-3D,,,,,,,,,,,,,,,,,,,,,,,,,,,Mortality no radius,0,3.68,0.00,15,33399767.092,5810016.335,N/A,N/A
16,16263,9/10/2014,12:31:31 AM,9/9/2014,5:31:31 PM,Globalstar,9/10/2014,12:32:00 AM,3788952,911432,5032184,52.4311658,13.5255202,-17.74,1.8,val. GPS-3D,,,,,,,,,,,,,,,,,,,,,,,,,,,Mortality no radius,0,3.68,0.00,15,33399754.366,5810017.958,N/A,N/A
17,16263,9/10/2014,1:01:21 AM,9/9/2014,6:01:21 PM,Globalstar,9/10/2014,1:01:50 AM,3788949,911420,5032175,52.4311573,13.5253590,-28.36,1.8,val. GPS-3D,,,,,,,,,,,,,,,,,,,,,,,,,,,Mortality no radius,0,3.68,0.00,15,33399743.386,5810017.231,N/A,N/A
18,16263,9/10/2014,1:31:25 AM,9/9/2014,6:31:25 PM,Globalstar,9/10/2014,1:31:55 AM,3788988,911450,5032192,52.4309304,13.5256537,12.51,1.8,val. GPS-3D,,,,,,,,,,,,,,,,,,,,,,,,,,,Mortality no radius,0,3.68,0.00,15,33399762.908,5809991.584,N/A,N/A
19,16263,9/10/2014,2:01:26 AM,9/9/2014,7:01:26 PM,Globalstar,9/10/2014,2:01:56 AM,3789017,911451,5032222,52.4308922,13.5255683,53.62,1.4,val. GPS-3D,,,,,,,,,,,,,,,,,,,,,,,,,,,Mortality no radius,0,3.68,0.00,15,33399757.015,5809987.462,N/A,N/A
20,16263,9/10/2014,2:31:32 AM,9/9/2014,7:31:32 PM,Globalstar,9/10/2014,2:32:02 AM,3789083,911462,5032304,52.4308661,13.5254986,159.31,1.2,val. GPS-3D,,,,,,,,,,,,,,,,,,,,,,,,,,,Mortality no radius,0,3.68,0.00,14,33399752.217,5809984.656,N/A,N/A
21,16263,9/10/2014,4:00:08 AM,9/9/2014,9:00:08 PM,Globalstar,9/10/2014,4:00:35 AM,3789016,911459,5032216,52.4308530,13.5256861,49.41,1.6,val. GPS-3D,,,,,,,,,,,,,,,,,,,,,,,,,,,Mortality no radius,0,3.68,0.00,14,33399764.934,5809982.930,N/A,N/A
22,16263,9/10/2014,5:00:13 AM,9/9/2014,10:00:13 PM,Globalstar,9/10/2014,5:00:45 AM,3789006,911464,5032194,52.4307933,13.5257919,26.76,1.4,val. GPS-3D,,,,,,,,,,,,,,,,,,,,,,,,,,,Mortality no radius,0,3.68,0.00,14,33399771.995,5809976.152,N/A,N/A
23,16263,9/10/2014,6:00:21 AM,9/9/2014,11:00:21 PM,Globalstar,9/10/2014,6:00:48 AM,3789001,911466,5032226,52.4310000,13.5258377,49.45,1.2,val. GPS-3D,,,,,,,,,,,,,,,,,,,,,,,,,,,Mortality no radius,0,3.68,0.00,15,33399775.576,5809999.071,N/A,N/A
24,16263,9/10/2014,7:00:13 AM,9/10/2014,12:00:13 AM,Globalstar,9/10/2014,7:00:42 AM,3788998,911457,5032243,52.4311289,13.5257194,59.86,1.6,val. GPS-3D,,,,,,,,,,,,,,,,,,,,,,,,,,,Mortality no radius,0,3.68,0.00,16,33399767.824,5810013.573,N/A,N/A
25,16263,9/10/2014,4:00:10 PM,9/10/2014,9:00:10 AM,Globalstar,9/10/2014,4:00:39 PM,3789044,911454,5032193,52.4305414,13.5255183,47.07,1.6,val. GPS-3D,,,,,,,,,,,,,,,,,,,,,,,,,,,normal,0,3.68,0.00,18,33399752.822,5809948.505,N/A,N/A
26,16263,9/10/2014,4:30:46 PM,9/10/2014,9:30:46 AM,Globalstar,9/10/2014,4:31:16 PM,3789019,911471,5032222,52.4308451,13.5258473,57.66,1.2,val. GPS-3D,,,,,,,,,,,,,,,,,,,,,,,,,,,Mortality no radius,0,3.68,0.00,19,33399775.876,5809981.829,N/A,N/A
27,16263,9/10/2014,5:00:41 PM,9/10/2014,10:00:41 AM,Globalstar,9/10/2014,5:01:12 PM,3789033,911455,5032244,52.4308953,13.5255704,81.12,1.2,val. GPS-3D,,,,,,,,,,,,,,,,,,,,,,,,,,,Mortality no radius,0,3.68,0.00,17,33399757.168,5809987.801,N/A,N/A
28,16263,9/10/2014,5:30:47 PM,9/10/2014,10:30:47 AM,Globalstar,9/10/2014,5:31:15 PM,3789021,911475,5032227,52.4308520,13.5258976,63.38,1.2,val. GPS-3D,,,,,,,,,,,,,,,,,,,,,,,,,,,Mortality no radius,0,3.68,0.00,15,33399779.311,5809982.524,N/A,N/A
29,16263,9/10/2014,6:00:47 PM,9/10/2014,11:00:47 AM,Globalstar,9/10/2014,6:01:15 PM,3789035,911455,5032209,52.4306897,13.5255636,54.56,1.2,val. GPS-3D,,,,,,,,,,,,,,,,,,,,,,,,,,,Mortality no radius,0,3.68,0.00,13,33399756.234,5809964.940,N/A,N/A
30,16263,9/10/2014,6:30:41 PM,9/10/2014,11:30:41 AM,Globalstar,9/10/2014,6:31:11 PM,3789022,911468,5032207,52.4307471,13.5257941,47.12,1.4,val. GPS-3D,,,,,,,,,,,,,,,,,,,,,,,,,,,Mortality no radius,0,3.68,0.00,13,33399772.037,5809971.006,N/A,N/A
31,16263,9/10/2014,7:00:41 PM,9/10/2014,12:00:41 PM,Globalstar,9/10/2014,7:01:11 PM,3789016,911465,5032221,52.4308704,13.5257718,54.23,1.2,val. GPS-3D,,,,,,,,,,,,,,,,,,,,,,,,,,,Mortality no radius,0,3.68,0.00,12,33399770.804,5809984.746,N/A,N/A
32,16263,9/10/2014,7:30:43 PM,9/10/2014,12:30:43 PM,Globalstar,9/10/2014,7:31:13 PM,3789015,911450,5032219,52.4308913,13.5255609,49.92,1.2,val. GPS-3D,,,,,,,,,,,,,,,,,,,,,,,,,,,Mortality no radius,0,3.68,0.00,12,33399756.508,5809987.370,N/A,N/A
33,16263,9/10/2014,8:00:47 PM,9/10/2014,1:00:47 PM,Globalstar,9/10/2014,8:01:13 PM,3788958,911495,5032174,52.4309645,13.5264001,-13.12,1.4,val. GPS-3D,,,,,,,,,,,,,,,,,,,,,,,,,,,Mortality no radius,0,3.60,0.00,12,33399813.730,5809994.349,N/A,N/A
34,16263,9/10/2014,8:30:42 PM,9/10/2014,1:30:42 PM,Globalstar,9/10/2014,8:31:12 PM,3788977,911462,5032220,52.4311400,13.5258631,29.89,1.2,val. GPS-3D,,,,,,,,,,,,,,,,,,,,,,,,,,,Mortality no radius,0,3.60,0.00,12,33399777.617,5810014.606,N/A,N/A
35,16263,9/10/2014,9:00:47 PM,9/10/2014,2:00:47 PM,Globalstar,9/10/2014,9:01:15 PM,3789016,911455,5032218,52.4308706,13.5256289,50.43,1.2,val. GPS-3D,,,,,,,,,,,,,,,,,,,,,,,,,,,Mortality no radius,0,3.68,0.00,11,33399761.086,5809984.969,N/A,N/A
36,16263,9/10/2014,9:30:47 PM,9/10/2014,2:30:47 PM,Globalstar,9/10/2014,9:31:12 PM,3789018,911456,5032235,52.4309482,13.5256363,65.23,1.2,val. GPS-3D,,,,,,,,,,,,,,,,,,,,,,,,,,,Mortality no radius,0,3.68,0.00,11,33399761.767,5809993.593,N/A,N/A
37,16263,9/10/2014,10:00:41 PM,9/10/2014,3:00:41 PM,Globalstar,9/10/2014,10:01:12 PM,3788963,911448,5032158,52.4309205,13.5257111,-29.54,1.2,val. GPS-3D,,,,,,,,,,,,,,,,,,,,,,,,,,,Mortality no radius,0,3.60,0.00,10,33399766.787,5809990.411,N/A,N/A
38,16263,9/11/2014,4:00:05 AM,9/10/2014,9:00:05 PM,Globalstar,9/11/2014,4:00:36 AM,3789005,911470,5032192,52.4307793,13.5258811,25.44,1.4,val. GPS-3D,,,,,,,,,,,,,,,,,,,,,,,,,,,Mortality no radius,0,3.68,0.00,11,33399778.028,5809974.468,N/A,N/A
39,16263,9/11/2014,4:00:10 PM,9/11/2014,9:00:10 AM,Globalstar,9/11/2014,4:00:40 PM,3789094,911457,5032211,52.4302887,13.5253893,91.41,2.6,val. GPS-3D,,,,,,,,,,,,,,,,,,,,,,,,,,,Mortality no radius,0,3.68,0.00,20,33399743.476,5809920.586,N/A,N/A
40,16263,9/12/2014,4:00:07 AM,9/11/2014,9:00:07 PM,Globalstar,9/12/2014,4:00:37 AM,3788989,911462,5032161,52.4307336,13.5258218,-9.76,1.6,val. GPS-3D,,,,,,,,,,,,,,,,,,,,,,,,,,,Mortality no radius,0,3.68,0.00,12,33399773.890,5809969.465,N/A,N/A
41,16263,9/12/2014,4:00:32 PM,9/12/2014,9:00:32 AM,Globalstar,9/12/2014,4:01:03 PM,3789016,911467,5032218,52.4308506,13.5258004,52.14,1.2,val. GPS-3D,,,,,,,,,,,,,,,,,,,,,,,,,,,Mortality no radius,0,3.68,0.00,18,33399772.702,5809982.508,N/A,N/A
42,16263,9/13/2014,4:00:32 AM,9/12/2014,9:00:32 PM,Globalstar,9/13/2014,4:01:02 AM,3789001,911460,5032195,52.4308401,13.5257520,24.02,1.2,val. GPS-3D,,,,,,,,,,,,,,,,,,,,,,,,,,,Mortality no radius,0,3.68,0.00,16,33399769.383,5809981.409,N/A,N/A
43,16263,9/13/2014,4:00:32 PM,9/13/2014,9:00:32 AM,Globalstar,9/13/2014,4:01:03 PM,3789016,911468,5032218,52.4308489,13.5258147,52.28,1.4,val. GPS-3D,,,,,,,,,,,,,,,,,,,,,,,,,,,Mortality no radius,0,3.68,0.00,19,33399773.670,5809982.303,N/A,N/A
44,16263,9/14/2014,4:00:36 AM,9/13/2014,9:00:36 PM,Globalstar,9/14/2014,4:01:02 AM,3789001,911460,5032199,52.4308620,13.5257520,27.19,1.4,val. GPS-3D,,,,,,,,,,,,,,,,,,,,,,,,,,,Mortality no radius,0,3.68,0.00,15,33399769.432,5809983.847,N/A,N/A
45,16263,9/14/2014,4:00:32 PM,9/14/2014,9:00:32 AM,Globalstar,9/14/2014,4:01:02 PM,3789010,911466,5032211,52.4308555,13.5258068,42.89,1.4,val. GPS-3D,,,,,,,,,,,,,,,,,,,,,,,,,,,Mortality no radius,0,3.68,0.00,23,33399773.144,5809983.040,N/A,N/A
46,16263,9/15/2014,4:00:32 AM,9/14/2014,9:00:32 PM,Globalstar,9/15/2014,4:01:02 AM,3789005,911459,5032200,52.4308415,13.5257239,30.21,1.2,val. GPS-3D,,,,,,,,,,,,,,,,,,,,,,,,,,,Mortality no radius,0,3.68,0.00,14,33399767.479,5809981.600,N/A,N/A
47,16263,2/16/2016,4:02:32 AM,2/15/2016,8:02:32 PM,Globalstar,2/16/2016,4:08:26 AM,-2232820,-3083553,5101488,53.4515068,-125.9085323,1073.85,3.0,val. GPS-3D,,,,,,,,,,,,,,,,,,,,,,,,,,,normal,126,3.68,0.00,0,10306873.756,5926438.242,N/A,N/A
48,16263,2/16/2016,4:02:03 PM,2/16/2016,8:02:03 AM,Globalstar,2/16/2016,4:07:58 PM,-2232382,-3083926,5101473,53.4510998,-125.8999010,1088.76,1.4,val. GPS-3D,,,,,,,,,,,,,,,,,,,,,,,,,,,normal,117,3.68,0.00,0,10307444.890,5926369.631,N/A,N/A
49,16263,2/17/2016,4:00:18 PM,2/17/2016,8:00:18 AM,Globalstar,2/17/2016,4:00:48 PM,-2232327,-3083760,5101630,53.4531429,-125.9006954,1115.60,1.6,val. GPS-3D,,,,,,,,,,,,,,,,,,,,,,,,,,,normal,126,3.68,0.00,-1,10307401.401,5926598.989,N/A,N/A
50,16263,2/18/2016,4:00:25 AM,2/17/2016,8:00:25 PM,Globalstar,2/18/2016,4:13:39 AM,-2232236,-3083761,5101618,53.4534580,-125.8995772,1074.67,3.0,val. GPS-3D,,,,,,,,,,,,,,,,,,,,,,,,,,,normal,107,3.68,0.00,2,10307477.057,5926631.006,N/A,N/A
51,16263,2/18/2016,4:00:36 PM,2/18/2016,8:00:36 AM,Globalstar,2/18/2016,4:13:50 PM,-2232037,-3083690,5101713,53.4552234,-125.8977775,1047.26,1.4,val. GPS-3D,,,,,,,,,,,,,,,,,,,,,,,,,,,normal,126,3.68,0.00,0,10307604.501,5926822.479,N/A,N/A
52,16263,2/19/2016,4:00:31 AM,2/18/2016,8:00:31 PM,Globalstar,2/19/2016,4:01:02 AM,-2231701,-3083946,5101742,53.4553036,-125.8914217,1076.75,1.6,val. GPS-3D,,,,,,,,,,,,,,,,,,,,,,,,,,,normal,0,3.68,0.00,4,10308026.752,5926814.254,N/A,N/A
53,16263,2/19/2016,4:02:26 PM,2/19/2016,8:02:26 AM,Globalstar,2/19/2016,4:08:21 PM,-2231544,-3083745,5101910,53.4580418,-125.8912809,1059.96,2.0,val. GPS-3D,,,,,,,,,,,,,,,,,,,,,,,,,,,normal,126,3.68,0.00,-4,10308048.454,5927118.392,N/A,N/A
54,16263,2/20/2016,4:01:16 AM,2/19/2016,8:01:16 PM,Globalstar,2/20/2016,4:01:46 AM,-2230184,-3083769,5102421,53.4663883,-125.8744815,1007.53,3.6,val. GPS-3D,,,,,,,,,,,,,,,,,,,,,,,,,,,normal,0,3.68,0.00,6,10309200.935,5928001.489,N/A,N/A
55,16263,2/20/2016,4:00:47 PM,2/20/2016,8:00:47 AM,Globalstar,2/20/2016,4:01:16 PM,-2230043,-3083989,5102345,53.4652914,-125.8708205,1003.40,1.4,val. GPS-3D,,,,,,,,,,,,,,,,,,,,,,,,,,,normal,122,3.68,0.00,-4,10309438.964,5927869.711,N/A,N/A
56,16263,2/21/2016,4:00:51 AM,2/20/2016,8:00:51 PM,Globalstar,2/21/2016,4:01:22 AM,-2230129,-3083872,5102305,53.4653981,-125.8729018,944.82,3.6,val. GPS-3D,,,,,,,,,,,,,,,,,,,,,,,,,,,normal,33,3.68,0.00,-2,10309301.322,5927887.143,N/A,N/A
57,16263,2/21/2016,4:00:08 PM,2/21/2016,8:00:08 AM,Globalstar,2/21/2016,4:00:39 PM,-2230322,-3083974,5102225,53.4635573,-125.8743564,997.08,2.0,val. GPS-3D,,,,,,,,,,,,,,,,,,,,,,,,,,,normal,126,3.68,0.00,-10,10309196.536,5927686.316,N/A,N/A
58,16263,2/22/2016,4:00:31 AM,2/21/2016,8:00:31 PM,Globalstar,2/22/2016,4:01:02 AM,-2230831,-3083345,5102354,53.4657726,-125.8861151,974.92,2.0,val. GPS-3D,,,,,,,,,,,,,,,,,,,,,,,,,,,normal,0,3.68,0.00,0,10308426.148,5927964.225,N/A,N/A
59,16263,2/22/2016,4:01:02 PM,2/22/2016,8:01:02 AM,Globalstar,2/22/2016,4:01:33 PM,-2230727,-3083730,5102163,53.4629395,-125.8814493,970.87,1.4,val. GPS-3D,,,,,,,,,,,,,,,,,,,,,,,,,,,normal,126,3.68,0.00,-11,10308723.037,5927636.624,N/A,N/A
60,16263,2/23/2016,4:00:31 AM,2/22/2016,8:00:31 PM,Globalstar,2/23/2016,4:01:02 AM,-2230183,-3083897,5102319,53.4650983,-125.8733400,986.97,2.0,val. GPS-3D,,,,,,,,,,,,,,,,,,,,,,,,,,,normal,0,3.68,0.00,0,10309270.897,5927854.978,N/A,N/A
61,16263,2/24/2016,4:01:07 AM,2/23/2016,8:01:07 PM,Globalstar,2/24/2016,4:01:38 AM,-2230359,-3082985,5102865,53.4726079,-125.8835345,1047.22,1.4,val. GPS-3D,,,,,,,,,,,,,,,,,,,,,,,,,,,normal,110,3.68,0.00,0,10308628.166,5928717.441,N/A,N/A
62,16263,2/24/2016,4:00:34 PM,2/24/2016,8:00:34 AM,Globalstar,2/24/2016,4:06:27 PM,-2231436,-3080679,5103648,53.4857206,-125.9170365,940.66,1.2,val. GPS-3D,,,,,,,,,,,,,,,,,,,,,,,,,,,normal,13,3.68,0.00,-2,10306465.008,5930266.189,N/A,N/A
63,16263,2/25/2016,4:00:29 AM,2/24/2016,8:00:29 PM,Globalstar,2/25/2016,4:06:27 AM,-2232227,-3079792,5103631,53.4874649,-125.9345239,775.77,1.4,val. GPS-3D,,,,,,,,,,,,,,,,,,,,,,,,,,,normal,121,3.68,0.00,5,10305313.069,5930507.818,N/A,N/A
64,16263,2/25/2016,4:01:01 PM,2/25/2016,8:01:01 AM,Globalstar,2/25/2016,4:01:32 PM,-2232159,-3080049,5103861,53.4874800,-125.9314228,1060.70,2.2,val. GPS-3D,,,,,,,,,,,,,,,,,,,,,,,,,,,normal,126,3.68,0.00,-5,10305518.824,5930501.018,N/A,N/A
65,16263,2/26/2016,4:02:56 AM,2/25/2016,8:02:56 PM,Globalstar,2/26/2016,4:03:26 AM,-2232476,-3079546,5103978,53.4897027,-125.9397356,1023.11,1.6,val. GPS-3D,,,,,,,,,,,,,,,,,,,,,,,,,,,normal,15,3.68,0.00,4,10304977.668,5930770.931,N/A,N/A
66,16263,2/27/2016,4:01:20 AM,2/26/2016,8:01:20 PM,Globalstar,2/27/2016,4:01:50 AM,-2232389,-3080349,5103508,53.4828646,-125.9315763,1001.84,1.6,val. GPS-3D,,,,,,,,,,,,,,,,,,,,,,,,,,,normal,1,3.68,0.00,2,10305487.519,5929988.170,N/A,N/A
67,16263,2/27/2016,4:01:01 PM,2/27/2016,8:01:01 AM,Globalstar,2/27/2016,4:01:32 PM,-2232406,-3080426,5103440,53.4819789,-125.9311031,990.23,1.8,val. GPS-3D,,,,,,,,,,,,,,,,,,,,,,,,,,,normal,100,3.68,0.00,-7,10305514.856,5929888.380,N/A,N/A
68,16263,2/28/2016,4:00:35 AM,2/27/2016,8:00:35 PM,Globalstar,2/28/2016,4:06:28 AM,-2232139,-3082231,5102514,53.4676059,-125.9119012,1022.86,1.2,val. GPS-3D,,,,,,,,,,,,,,,,,,,,,,,,,,,normal,126,3.68,0.00,2,10306723.284,5928237.738,N/A,N/A
69,16263,2/28/2016,4:01:55 PM,2/28/2016,8:01:55 AM,Globalstar,2/28/2016,4:02:26 PM,-2232869,-3082619,5101996,53.4594764,-125.9173753,1048.66,1.6,val. GPS-3D,,,,,,,,,,,,,,,,,,,,,,,,,,,normal,126,3.68,0.00,2,10306323.013,5927348.531,N/A,N/A
70,16263,2/29/2016,4:02:34 AM,2/28/2016,8:02:34 PM,Globalstar,2/29/2016,4:02:59 AM,-2230649,-3085131,5101454,53.4512832,-125.8681401,1049.97,1.4,val. GPS-3D,,,,,,,,,,,,,,,,,,,,,,,,,,,normal,126,3.68,0.00,0,10309554.134,5926304.694,N/A,N/A
71,16263,3/2/2016,4:00:32 AM,3/1/2016,8:00:32 PM,Globalstar,3/2/2016,4:06:26 AM,-2227305,-3082104,5104905,53.5015870,-125.8540329,1197.31,1.4,val. GPS-3D,,,,,,,,,,,,,,,,,,,,,,,,,,,normal,0,3.68,0.00,-1,10310714.760,5931861.409,N/A,N/A
72,16263,3/2/2016,4:01:50 PM,3/2/2016,8:01:50 AM,Globalstar,3/2/2016,4:07:44 PM,-2227309,-3081751,5105065,53.5044912,-125.8571973,1157.16,1.8,val. GPS-3D,,,,,,,,,,,,,,,,,,,,,,,,,,,normal,126,3.68,0.00,0,10310517.900,5932192.794,N/A,N/A
73,16263,3/3/2016,4:01:04 AM,3/2/2016,8:01:04 PM,Globalstar,3/3/2016,4:01:32 AM,-2226385,-3081462,5105641,53.5131688,-125.8484619,1159.08,1.4,val. GPS-3D,,,,,,,,,,,,,,,,,,,,,,,,,,,normal,98,3.68,0.00,0,10311135.671,5933134.637,N/A,N/A
74,16263,3/3/2016,4:00:55 PM,3/3/2016,8:00:55 AM,Globalstar,3/3/2016,4:01:26 PM,-2226021,-3081111,5105945,53.5183873,-125.8471131,1107.58,1.4,val. GPS-3D,,,,,,,,,,,,,,,,,,,,,,,,,,,normal,126,3.68,0.00,-2,10311248.291,5933711.421,N/A,N/A
75,16263,3/4/2016,4:01:10 AM,3/3/2016,8:01:10 PM,Globalstar,3/4/2016,4:07:04 AM,-2225202,-3080510,5106669,53.5292375,-125.8424104,1115.02,1.4,val. GPS-3D,,,,,,,,,,,,,,,,,,,,,,,,,,,normal,13,3.68,0.00,0,10311608.161,5934905.635,N/A,N/A
76,16263,3/5/2016,4:03:00 PM,3/5/2016,8:03:00 AM,Globalstar,3/5/2016,4:08:50 PM,,,,,,,0.0,No Fix,,,,,,,,,,,,,,,,,,,,,,,,,,,normal,93,3.68,0.00,0,31166021.445,0.000,N/A,N/A
77,16263,3/6/2016,4:01:32 AM,3/5/2016,8:01:32 PM,Globalstar,3/6/2016,4:07:27 AM,-2223876,-3080381,5107403,53.5395206,-125.8273392,1181.76,2.0,val. GPS-3D,,,,,,,,,,,,,,,,,,,,,,,,,,,normal,0,3.68,0.00,2,10312652.240,5936009.465,N/A,N/A
78,16263,3/7/2016,4:00:47 AM,3/6/2016,8:00:47 PM,Globalstar,3/7/2016,4:01:14 AM,-2224555,-3080422,5107038,53.5344599,-125.8352787,1144.20,1.4,val. GPS-3D,,,,,,,,,,,,,,,,,,,,,,,,,,,normal,55,3.68,0.00,1,10312103.856,5935467.586,N/A,N/A
79,16263,3/7/2016,4:00:35 PM,3/7/2016,8:00:35 AM,Globalstar,3/7/2016,4:06:30 PM,-2224527,-3080682,5106968,53.5326818,-125.8326413,1203.44,1.4,val. GPS-3D,,,,,,,,,,,,,,,,,,,,,,,,,,,normal,107,3.68,0.00,-3,10312270.733,5935262.879,N/A,N/A
80,16263,3/8/2016,4:00:34 AM,3/7/2016,8:00:34 PM,Globalstar,3/8/2016,4:01:04 AM,-2224247,-3079664,5107699,53.5437314,-125.8382059,1203.47,2.0,val. GPS-3D,,,,,,,,,,,,,,,,,,,,,,,,,,,normal,0,3.68,0.00,1,10311951.030,5936506.407,N/A,N/A
81,16263,3/8/2016,4:01:19 PM,3/8/2016,8:01:19 AM,Globalstar,3/8/2016,4:07:14 PM,-2223908,-3079585,5107928,53.5468506,-125.8347584,1231.67,1.8,val. GPS-3D,,,,,,,,,,,,,,,,,,,,,,,,,,,normal,126,3.68,0.00,-3,10312193.209,5936844.198,N/A,N/A
82,16263,3/9/2016,4:01:31 AM,3/8/2016,8:01:31 PM,Globalstar,3/9/2016,4:02:02 AM,-2223986,-3079444,5107946,53.5474426,-125.8369573,1205.36,1.8,val. GPS-3D,,,,,,,,,,,,,,,,,,,,,,,,,,,normal,1,3.68,0.00,5,10312050.186,5936915.845,N/A,N/A
83,16263,3/9/2016,4:01:02 PM,3/9/2016,8:01:02 AM,Globalstar,3/9/2016,4:01:33 PM,-2224006,-3079152,5108167,53.5502480,-125.8397807,1249.44,2.0,val. GPS-3D,,,,,,,,,,,,,,,,,,,,,,,,,,,normal,91,3.68,0.00,-2,10311875.627,5937235.296,N/A,N/A
84,16263,3/10/2016,4:00:55 AM,3/9/2016,8:00:55 PM,Globalstar,3/10/2016,4:14:09 AM,-2223700,-3079187,5108243,53.5517432,-125.8357296,1220.99,1.6,val. GPS-3D,,,,,,,,,,,,,,,,,,,,,,,,,,,normal,114,3.68,0.00,1,10312150.561,5937390.883,N/A,N/A
85,16263,3/10/2016,4:00:37 PM,3/10/2016,8:00:37 AM,Globalstar,3/10/2016,4:06:32 PM,-2223658,-3079830,5108087,53.5473215,-125.8295380,1390.62,2.0,val. GPS-3D,,,,,,,,,,,,,,,,,,,,,,,,,,,normal,126,3.68,0.00,0,10312541.069,5936882.811,N/A,N/A
86,16263,3/11/2016,4:00:56 AM,3/10/2016,8:00:56 PM,Globalstar,3/11/2016,4:01:27 AM,-2223757,-3079217,5108217,53.5511876,-125.8361617,1234.36,1.6,val. GPS-3D,,,,,,,,,,,,,,,,,,,,,,,,,,,normal,0,3.68,0.00,0,10312119.480,5937330.228,N/A,N/A
87,16263,3/11/2016,4:01:32 PM,3/11/2016,8:01:32 AM,Globalstar,3/11/2016,4:02:03 PM,-2223414,-3079112,5108501,53.5547694,-125.8328942,1292.94,3.4,val. GPS-3D,,,,,,,,,,,,,,,,,,,,,,,,,,,normal,126,3.68,0.00,-4,10312351.740,5937719.952,N/A,N/A
88,16263,3/12/2016,4:01:53 AM,3/11/2016,8:01:53 PM,Globalstar,3/12/2016,4:15:06 AM,-2223303,-3079717,5108139,53.5497625,-125.8261942,1254.55,2.4,val. GPS-3D,,,,,,,,,,,,,,,,,,,,,,,,,,,normal,85,3.68,0.00,0,10312773.324,5937145.485,N/A,N/A
89,16263,3/13/2016,4:01:47 AM,3/12/2016,8:01:47 PM,Globalstar,3/13/2016,4:15:00 AM,-2223883,-3079341,5108059,53.5490849,-125.8366074,1210.82,2.4,val. GPS-3D,,,,,,,,,,,,,,,,,,,,,,,,,,,normal,126,3.68,0.00,-1,10312080.640,5937097.557,N/A,N/A
90,16263,3/13/2016,4:00:49 PM,3/13/2016,9:00:49 AM,Globalstar,3/13/2016,4:14:03 PM,-2224445,-3079682,5107771,53.5431726,-125.8404677,1338.94,1.8,val. GPS-3D,,,,,,,,,,,,,,,,,,,,,,,,,,,normal,32,3.68,0.00,-4,10311798.723,5936450.246,N/A,N/A
91,16263,3/14/2016,4:00:45 AM,3/13/2016,9:00:45 PM,Globalstar,3/14/2016,4:01:16 AM,-2225304,-3079236,5107408,53.5402122,-125.8549079,1131.09,1.8,val. GPS-3D,,,,,,,,,,,,,,,,,,,,,,,,,,,normal,0,3.68,0.00,2,10310828.989,5936159.282,N/A,N/A
92,16263,3/14/2016,4:01:55 PM,3/14/2016,9:01:55 AM,Globalstar,3/14/2016,4:07:50 PM,-2225153,-3079234,5107508,53.5413968,-125.8530798,1157.99,3.4,val. GPS-3D,,,,,,,,,,,,,,,,,,,,,,,,,,,normal,126,3.68,0.00,-3,10310955.373,5936286.165,N/A,N/A
93,16263,3/15/2016,4:01:26 AM,3/14/2016,9:01:26 PM,Globalstar,3/15/2016,4:07:22 AM,-2224934,-3079496,5107438,53.5404155,-125.8480885,1151.67,2.0,val. GPS-3D,,,,,,,,,,,,,,,,,,,,,,,,,,,normal,58,3.68,0.00,0,10311281.646,5936163.788,N/A,N/A
94,16263,3/16/2016,4:01:19 AM,3/15/2016,9:01:19 PM,Globalstar,3/16/2016,4:01:50 AM,-2225603,-3080048,5106797,53.5309299,-125.8513906,1134.94,1.6,val. GPS-3D,,,,,,,,,,,,,,,,,,,,,,,,,,,normal,126,3.68,0.00,-2,10311020.644,5935117.645,N/A,N/A
95,16263,3/16/2016,4:00:27 PM,3/16/2016,9:00:27 AM,Globalstar,3/16/2016,4:06:23 PM,-2225950,-3079857,5106815,53.5306761,-125.8573179,1178.20,2.0,val. GPS-3D,,,,,,,,,,,,,,,,,,,,,,,,,,,normal,109,3.68,0.00,-8,10310626.764,5935105.164,N/A,N/A
96,16263,3/17/2016,4:00:57 AM,3/16/2016,9:00:57 PM,Globalstar,3/17/2016,4:14:12 AM,-2226630,-3079314,5106733,53.5305393,-125.8704235,1087.50,2.6,val. GPS-3D,,,,,,,,,,,,,,,,,,,,,,,,,,,normal,126,3.68,0.00,-3,10309757.769,5935124.881,N/A,N/A
97,16263,3/17/2016,4:00:32 PM,3/17/2016,9:00:32 AM,Globalstar,3/17/2016,4:01:03 PM,-2226800,-3079103,5106852,53.5316902,-125.8743649,1140.78,1.8,val. GPS-3D,,,,,,,,,,,,,,,,,,,,,,,,,,,normal,110,3.68,0.00,-10,10309501.783,5935263.416,N/A,N/A
98,16263,3/18/2016,4:00:55 PM,3/18/2016,9:00:55 AM,Globalstar,3/18/2016,4:01:26 PM,-2225619,-3080546,5106571,53.5267394,-125.8471888,1198.71,1.6,val. GPS-3D,,,,,,,,,,,,,,,,,,,,,,,,,,,normal,89,3.68,0.00,-4,10311280.416,5934640.464,N/A,N/A
99,16263,3/19/2016,4:01:32 PM,3/19/2016,9:01:32 AM,Globalstar,3/19/2016,4:07:28 PM,-2225283,-3080971,5106424,53.5248869,-125.8393307,1168.34,1.8,val. GPS-3D,,,,,,,,,,,,,,,,,,,,,,,,,,,normal,119,3.68,0.00,0,10311792.932,5934413.656,N/A,N/A
100,16263,3/20/2016,4:01:24 AM,3/19/2016,9:01:24 PM,Globalstar,3/20/2016,4:01:55 AM,-2220510,-3084925,5105911,53.5191441,-125.7461070,1003.00,1.8,val. GPS-3D,,,,,,,,,,,,,,,,,,,,,,,,,,,normal,126,3.68,0.00,2,10317946.285,5933532.634,N/A,N/A
101,16263,3/21/2016,4:01:02 AM,3/20/2016,9:01:02 PM,Globalstar,3/21/2016,4:01:29 AM,-2218974,-3084796,5106647,53.5303119,-125.7284466,999.26,1.6,val. GPS-3D,,,,,,,,,,,,,,,,,,,,,,,,,,,normal,0,3.68,0.00,5,10319164.423,5934729.658,N/A,N/A
102,16263,3/21/2016,4:01:29 PM,3/21/2016,9:01:29 AM,Globalstar,3/21/2016,4:02:00 PM,-2219281,-3084772,5106472,53.5282229,-125.7324155,953.52,2.0,val. GPS-3D,,,,,,,,,,,,,,,,,,,,,,,,,,,normal,116,3.68,0.00,2,10318892.517,5934507.426,N/A,N/A
103,16263,3/22/2016,4:00:56 AM,3/21/2016,9:00:56 PM,Globalstar,3/22/2016,4:01:26 AM,-2218915,-3084847,5106531,53.5296422,-125.7272754,910.11,1.4,val. GPS-3D,,,,,,,,,,,,,,,,,,,,,,,,,,,normal,75,3.68,0.00,2,10319239.178,5934652.211,N/A,N/A
104,16263,3/22/2016,4:00:59 PM,3/22/2016,9:00:59 AM,Globalstar,3/22/2016,4:01:30 PM,-2219191,-3084741,5106427,53.5285441,-125.7315869,871.13,1.4,val. GPS-3D,,,,,,,,,,,,,,,,,,,,,,,,,,,normal,7,3.68,0.00,2,10318948.794,5934541.040,N/A,N/A
105,16263,3/23/2016,4:00:35 AM,3/22/2016,9:00:35 PM,Globalstar,3/23/2016,4:13:49 AM,-2218795,-3084337,5106824,53.5347041,-125.7302972,858.01,1.6,val. GPS-3D,,,,,,,,,,,,,,,,,,,,,,,,,,,normal,38,3.68,0.00,2,10319060.531,5935222.844,N/A,N/A
106,16263,3/23/2016,4:00:31 PM,3/23/2016,9:00:31 AM,Globalstar,3/23/2016,4:06:27 PM,-2218822,-3084527,5106785,53.5332676,-125.7289546,927.69,1.4,val. GPS-3D,,,,,,,,,,,,,,,,,,,,,,,,,,,normal,0,3.68,0.00,4,10319143.363,5935059.673,N/A,N/A
107,16263,3/24/2016,4:00:17 AM,3/23/2016,9:00:17 PM,Globalstar,3/24/2016,4:06:11 AM,-2218865,-3084227,5106825,53.5350593,-125.7321228,830.04,1.4,val. GPS-3D,,,,,,,,,,,,,,,,,,,,,,,,,,,normal,116,3.68,0.00,1,10318941.090,5935266.981,N/A,N/A
108,16263,3/25/2016,4:01:32 AM,3/24/2016,9:01:32 PM,Globalstar,3/25/2016,4:14:45 AM,-2219021,-3084935,5106413,53.5280488,-125.7277981,894.48,1.4,val. GPS-3D,,,,,,,,,,,,,,,,,,,,,,,,,,,normal,74,3.68,0.00,1,10319197.754,5934476.329,N/A,N/A
109,16263,3/25/2016,4:01:11 PM,3/25/2016,9:01:11 AM,Globalstar,3/25/2016,4:01:41 PM,-2217440,-3086063,5106550,53.5288310,-125.6985157,1000.49,2.0,val. GPS-3D,,,,,,,,,,,,,,,,,,,,,,,,,,,normal,126,3.68,0.00,-2,10321141.504,5934489.367,N/A,N/A
110,16263,3/26/2016,4:00:18 AM,3/25/2016,9:00:18 PM,Globalstar,3/26/2016,4:00:49 AM,-2215831,-3086013,5107219,53.5394780,-125.6792495,956.48,1.6,val. GPS-3D,,,,,,,,,,,,,,,,,,,,,,,,,,,normal,4,3.68,0.00,2,10322462.764,5935625.274,N/A,N/A
111,16263,3/26/2016,4:00:56 PM,3/26/2016,9:00:56 AM,Globalstar,3/26/2016,4:14:04 PM,-2216180,-3085977,5107126,53.5377220,-125.6838413,985.28,1.4,val. GPS-3D,,,,,,,,,,,,,,,,,,,,,,,,,,,normal,126,3.68,0.00,0,10322151.192,5935441.435,N/A,N/A
112,16263,3/27/2016,4:00:44 AM,3/26/2016,9:00:44 PM,Globalstar,3/27/2016,4:01:11 AM,-2216840,-3085662,5107051,53.5363881,-125.6946964,1001.74,1.8,val. GPS-3D,,,,,,,,,,,,,,,,,,,,,,,,,,,normal,126,3.68,0.00,3,10321426.406,5935320.256,N/A,N/A
113,16263,3/27/2016,4:00:31 PM,3/27/2016,9:00:31 AM,Globalstar,3/27/2016,4:01:02 PM,-2216844,-3085909,5106868,53.5339449,-125.6925722,975.18,1.6,val. GPS-3D,,,,,,,,,,,,,,,,,,,,,,,,,,,normal,126,3.68,0.00,1,10321556.864,5935043.203,N/A,N/A
114,16263,3/28/2016,4:01:02 AM,3/27/2016,9:01:02 PM,Globalstar,3/28/2016,4:01:32 AM,-2216928,-3085887,5106875,53.5337573,-125.6937945,999.32,1.8,val. GPS-3D,,,,,,,,,,,,,,,,,,,,,,,,,,,normal,126,3.68,0.00,0,10321475.090,5935025.401,N/A,N/A
115,16263,3/29/2016,4:00:31 AM,3/28/2016,9:00:31 PM,Globalstar,3/29/2016,4:01:02 AM,-2212335,-3084087,5109816,53.5793764,-125.6533386,905.48,1.4,val. GPS-3D,,,,,,,,,,,,,,,,,,,,,,,,,,,normal,1,3.68,0.00,5,10324344.785,5939998.362,N/A,N/A
116,16263,3/30/2016,4:00:55 AM,3/29/2016,9:00:55 PM,Globalstar,3/30/2016,4:01:20 AM,-2212806,-3083788,5109722,53.5786464,-125.6617468,848.62,2.0,val. GPS-3D,,,,,,,,,,,,,,,,,,,,,,,,,,,normal,124,3.68,0.00,6,10323785.234,5939937.962,N/A,N/A
117,16263,3/30/2016,4:00:51 PM,3/30/2016,9:00:51 AM,Globalstar,3/30/2016,4:13:59 PM,-2212349,-3083680,5109806,53.5816548,-125.6570919,705.94,1.4,val. GPS-3D,,,,,,,,,,,,,,,,,,,,,,,,,,,normal,47,3.68,0.00,5,10324105.832,5940261.029,N/A,N/A
118,16263,3/31/2016,4:00:34 AM,3/30/2016,9:00:34 PM,Globalstar,3/31/2016,4:01:02 AM,-2212540,-3083603,5109994,53.5823048,-125.6601124,886.19,1.2,val. GPS-3D,,,,,,,,,,,,,,,,,,,,,,,,,,,normal,0,3.68,0.00,4,10323908.626,5940340.793,N/A,N/A
119,16263,3/31/2016,4:01:04 PM,3/31/2016,9:01:04 AM,Globalstar,3/31/2016,4:01:35 PM,-2212759,-3084105,5109596,53.5763105,-125.6583807,883.88,1.6,val. GPS-3D,,,,,,,,,,,,,,,,,,,,,,,,,,,normal,126,3.68,0.00,0,10323998.322,5939669.844,N/A,N/A
120,16263,4/1/2016,4:01:02 AM,3/31/2016,9:01:02 PM,Globalstar,4/1/2016,4:14:16 AM,-2212328,-3084063,5109838,53.5796642,-125.6534640,909.18,1.2,val. GPS-3D,,,,,,,,,,,,,,,,,,,,,,,,,,,normal,126,3.68,0.00,7,10324337.684,5940030.681,N/A,N/A
121,16263,4/1/2016,4:00:32 PM,4/1/2016,9:00:32 AM,Globalstar,4/1/2016,4:13:46 PM,-2212857,-3084068,5109571,53.5759815,-125.6599082,879.84,1.2,val. GPS-3D,,,,,,,,,,,,,,,,,,,,,,,,,,,normal,106,3.68,0.00,4,10323895.846,5939637.030,N/A,N/A
122,16263,4/2/2016,4:00:31 AM,4/1/2016,9:00:31 PM,Globalstar,4/2/2016,4:01:03 AM,-2212666,-3083863,5109790,53.5791586,-125.6593697,891.06,1.6,val. GPS-3D,,,,,,,,,,,,,,,,,,,,,,,,,,,normal,70,3.68,0.00,6,10323944.701,5939989.045,N/A,N/A
123,16263,4/2/2016,4:00:31 PM,4/2/2016,9:00:31 AM,Globalstar,4/2/2016,4:01:02 PM,-2212845,-3084057,5109582,53.5761554,-125.6598578,879.23,1.2,val. GPS-3D,,,,,,,,,,,,,,,,,,,,,,,,,,,normal,124,3.68,0.00,4,10323899.904,5939656.241,N/A,N/A
124,16263,4/3/2016,4:00:53 AM,4/2/2016,9:00:53 PM,Globalstar,4/3/2016,4:01:24 AM,-2212387,-3084318,5109438,53.5757841,-125.6519440,730.76,2.0,val. GPS-3D,,,,,,,,,,,,,,,,,,,,,,,,,,,normal,126,3.68,0.00,4,10324422.202,5939595.401,N/A,N/A
125,16263,4/3/2016,4:00:56 PM,4/3/2016,9:00:56 AM,Globalstar,4/3/2016,4:01:26 PM,-2212615,-3084236,5109572,53.5760199,-125.6554619,877.93,1.6,val. GPS-3D,,,,,,,,,,,,,,,,,,,,,,,,,,,normal,126,3.68,0.00,1,10324190.317,5939630.304,N/A,N/A
126,16263,4/4/2016,4:01:20 AM,4/3/2016,9:01:20 PM,Globalstar,4/4/2016,4:07:15 AM,-2212787,-3083760,5109832,53.5794776,-125.6617602,917.05,1.6,val. GPS-3D,,,,,,,,,,,,,,,,,,,,,,,,,,,normal,23,3.68,0.00,5,10323787.806,5940030.444,N/A,N/A
127,16263,4/4/2016,4:01:02 PM,4/4/2016,9:01:02 AM,Globalstar,4/4/2016,4:01:30 PM,-2211734,-3084445,5109830,53.5798801,-125.6428166,881.51,1.4,val. GPS-3D,,,,,,,,,,,,,,,,,,,,,,,,,,,normal,126,3.68,0.00,3,10325043.298,5940028.465,N/A,N/A
128,16263,4/5/2016,4:00:54 AM,4/4/2016,9:00:54 PM,Globalstar,4/5/2016,4:06:50 AM,-2212039,-3084341,5109665,53.5783261,-125.6474730,804.09,2.2,val. GPS-3D,,,,,,,,,,,,,,,,,,,,,,,,,,,normal,89,3.68,0.00,4,10324728.671,5939867.088,N/A,N/A
129,16263,4/5/2016,4:01:06 PM,4/5/2016,9:01:06 AM,Globalstar,4/5/2016,4:07:01 PM,-2212587,-3084404,5109406,53.5742656,-125.6536404,815.72,2.6,val. GPS-3D,,,,,,,,,,,,,,,,,,,,,,,,,,,normal,126,3.68,0.00,4,10324303.614,5939430.700,N/A,N/A
130,16263,4/6/2016,4:00:34 AM,4/5/2016,9:00:34 PM,Globalstar,4/6/2016,4:06:30 AM,-2212647,-3084572,5109329,53.5726153,-125.6528982,855.59,1.8,val. GPS-3D,,,,,,,,,,,,,,,,,,,,,,,,,,,normal,89,3.68,0.00,4,10324345.898,5939245.323,N/A,N/A
131,16263,4/6/2016,4:00:31 PM,4/6/2016,9:00:31 AM,Globalstar,4/6/2016,4:01:02 PM,-2212867,-3083790,5109740,53.5784736,-125.6624773,885.18,1.4,val. GPS-3D,,,,,,,,,,,,,,,,,,,,,,,,,,,normal,49,3.68,0.00,4,10323736.162,5939920.551,N/A,N/A
132,16263,4/7/2016,4:00:32 AM,4/6/2016,9:00:32 PM,Globalstar,4/7/2016,4:06:28 AM,-2212483,-3084011,5109790,53.5790605,-125.6558227,899.12,1.6,val. GPS-3D,,,,,,,,,,,,,,,,,,,,,,,,,,,normal,0,3.68,0.00,8,10324179.058,5939969.363,N/A,N/A
133,16263,4/7/2016,4:01:56 PM,4/7/2016,9:01:56 AM,Globalstar,4/7/2016,4:02:26 PM,-2212868,-3085285,5108941,53.5654265,-125.6493367,963.97,1.8,val. GPS-3D,,,,,,,,,,,,,,,,,,,,,,,,,,,normal,126,3.68,0.00,3,10324551.901,5938437.028,N/A,N/A
134,16263,4/8/2016,4:01:47 AM,4/7/2016,9:01:47 PM,Globalstar,4/8/2016,4:02:18 AM,-2215278,-3084142,5108546,53.5598735,-125.6889372,929.33,1.2,val. GPS-3D,,,,,,,,,,,,,,,,,,,,,,,,,,,normal,126,3.68,0.00,7,10321906.647,5937917.783,N/A,N/A
135,16263,4/8/2016,4:00:27 PM,4/8/2016,9:00:27 AM,Globalstar,4/8/2016,4:00:54 PM,-2216288,-3085992,5106870,53.5358120,-125.6850323,824.08,1.4,val. GPS-3D,,,,,,,,,,,,,,,,,,,,,,,,,,,normal,126,3.68,0.00,11,10322064.278,5935231.987,N/A,N/A
136,16263,4/9/2016,4:00:57 AM,4/8/2016,9:00:57 PM,Globalstar,4/9/2016,4:06:52 AM,-2217129,-3085929,5106402,53.5301378,-125.6958864,708.92,1.8,val. GPS-3D,,,,,,,,,,,,,,,,,,,,,,,,,,,normal,126,3.68,0.00,4,10321321.238,5934628.111,N/A,N/A
137,16263,4/9/2016,4:00:15 PM,4/9/2016,9:00:15 AM,Globalstar,4/9/2016,4:00:46 PM,-2216330,-3085627,5106905,53.5379638,-125.6887578,690.60,1.6,val. GPS-3D,,,,,,,,,,,,,,,,,,,,,,,,,,,normal,126,3.68,0.00,2,10321826.480,5935480.622,N/A,N/A
138,16263,4/10/2016,4:01:02 AM,4/9/2016,9:01:02 PM,Globalstar,4/10/2016,4:01:32 AM,-2216493,-3085921,5107053,53.5363417,-125.6881678,1008.05,1.4,val. GPS-3D,,,,,,,,,,,,,,,,,,,,,,,,,,,normal,120,3.68,0.00,5,10321858.758,5935298.738,N/A,N/A
139,16263,4/11/2016,4:00:22 PM,4/11/2016,9:00:22 AM,Globalstar,4/11/2016,4:00:53 PM,-2231187,-3088949,5098858,53.4127871,-125.8410586,996.37,1.8,val. GPS-3D,,,,,,,,,,,,,,,,,,,,,,,,,,,normal,126,3.68,0.00,5,10311181.293,5921951.521,N/A,N/A
140,16263,4/12/2016,4:01:02 AM,4/11/2016,9:01:02 PM,Globalstar,4/12/2016,4:01:33 AM,-2231341,-3089388,5098624,53.4083166,-125.8390709,1074.37,1.4,val. GPS-3D,,,,,,,,,,,,,,,,,,,,,,,,,,,normal,126,3.68,0.00,6,10311293.573,5921449.090,N/A,N/A
141,16263,4/12/2016,4:00:31 PM,4/12/2016,9:00:31 AM,Globalstar,4/12/2016,4:01:02 PM,-2230222,-3088943,5099403,53.4198158,-125.8293472,1094.38,1.2,val. GPS-3D,,,,,,,,,,,,,,,,,,,,,,,,,,,normal,126,3.68,0.00,2,10311990.480,5922702.243,N/A,N/A
142,16263,4/13/2016,4:03:00 AM,4/12/2016,9:03:00 PM,Globalstar,4/13/2016,4:16:09 AM,,,,,,,0.0,No Fix,,,,,,,,,,,,,,,,,,,,,,,,,,,normal,126,3.68,0.00,2,31166021.445,0.000,N/A,N/A
143,16263,4/13/2016,4:03:00 PM,4/13/2016,9:03:00 AM,Globalstar,4/13/2016,4:16:09 PM,,,,,,,0.0,No Fix,,,,,,,,,,,,,,,,,,,,,,,,,,,normal,126,3.68,0.00,1,31166021.445,0.000,N/A,N/A
144,16263,4/14/2016,4:01:29 AM,4/13/2016,9:01:29 PM,Globalstar,4/14/2016,4:02:00 AM,-2218005,-3093244,5101884,53.4593887,-125.6423466,916.50,1.6,val. GPS-3D,,,,,,,,,,,,,,,,,,,,,,,,,,,normal,39,3.68,0.00,4,10324577.133,5926626.630,N/A,N/A
145,16263,4/14/2016,4:00:17 PM,4/14/2016,9:00:17 AM,Globalstar,4/14/2016,4:00:47 PM,-2217936,-3093400,5101658,53.4575549,-125.6401342,786.47,1.2,val. GPS-3D,,,,,,,,,,,,,,,,,,,,,,,,,,,normal,5,3.68,0.00,16,10324716.428,5926417.244,N/A,N/A
146,16263,4/15/2016,4:00:31 AM,4/14/2016,9:00:31 PM,Globalstar,4/15/2016,4:01:02 AM,-2217920,-3093438,5101724,53.4577523,-125.6396052,852.33,2.0,val. GPS-3D,,,,,,,,,,,,,,,,,,,,,,,,,,,normal,0,3.68,0.00,9,10324752.358,5926437.901,N/A,N/A
147,16263,4/15/2016,2:46:39 PM,4/15/2016,7:46:39 AM,Globalstar,4/15/2016,2:47:08 PM,-2217892,-3093365,5101632,53.4578062,-125.6399029,733.38,1.6,val. GPS-3D,,,,,,,,,,,,,,,,,,,,,,,,,,,Mortality no radius,0,3.68,0.00,2,10324732.815,5926444.622,N/A,N/A
148,16263,4/15/2016,3:16:42 PM,4/15/2016,8:16:42 AM,Globalstar,4/15/2016,3:17:14 PM,-2217899,-3093434,5101532,53.4568370,-125.6393833,688.85,1.4,val. GPS-3D,,,,,,,,,,,,,,,,,,,,,,,,,,,Mortality no radius,0,3.68,0.00,3,10324763.311,5926335.562,N/A,N/A
149,16263,4/15/2016,3:46:36 PM,4/15/2016,8:46:36 AM,Globalstar,4/15/2016,3:47:07 PM,-2217904,-3093457,5101644,53.4572802,-125.6392428,791.70,1.2,val. GPS-3D,,,,,,,,,,,,,,,,,,,,,,,,,,,Mortality no radius,0,3.60,0.00,4,10324774.467,5926384.505,N/A,N/A
150,16263,4/15/2016,4:17:02 PM,4/15/2016,9:17:02 AM,Globalstar,4/15/2016,4:17:33 PM,-2217924,-3093444,5101762,53.4579036,-125.6396015,887.15,1.2,val. GPS-3D,,,,,,,,,,,,,,,,,,,,,,,,,,,Mortality no radius,0,3.60,0.00,6,10324753.226,5926454.713,N/A,N/A
151,16263,4/15/2016,4:46:38 PM,4/15/2016,9:46:38 AM,Globalstar,4/15/2016,4:47:06 PM,-2217920,-3093447,5101761,53.4578975,-125.6395262,886.41,1.4,val. GPS-3D,,,,,,,,,,,,,,,,,,,,,,,,,,,Mortality no radius,0,3.60,0.00,8,10324758.195,5926453.847,N/A,N/A
152,16263,4/15/2016,5:16:38 PM,4/15/2016,10:16:38 AM,Globalstar,4/15/2016,5:17:07 PM,-2217927,-3093448,5101763,53.4578728,-125.6396031,890.93,1.2,val. GPS-3D,,,,,,,,,,,,,,,,,,,,,,,,,,,Mortality no radius,0,3.60,0.00,9,10324752.992,5926451.299,N/A,N/A
153,16263,4/15/2016,5:46:42 PM,4/15/2016,10:46:42 AM,Globalstar,4/15/2016,5:47:07 PM,-2217923,-3093432,5101789,53.4581226,-125.6396945,902.69,1.2,val. GPS-3D,,,,,,,,,,,,,,,,,,,,,,,,,,,Mortality no radius,0,3.68,0.00,10,10324747.954,5926479.301,N/A,N/A
154,16263,4/15/2016,6:16:42 PM,4/15/2016,11:16:42 AM,Globalstar,4/15/2016,6:17:14 PM,-2217945,-3093426,5101801,53.4581295,-125.6400162,917.06,1.4,val. GPS-3D,,,,,,,,,,,,,,,,,,,,,,,,,,,Mortality no radius,2,3.68,0.00,12,10324726.625,5926480.855,N/A,N/A
155,16263,4/15/2016,6:47:03 PM,4/15/2016,11:47:03 AM,Globalstar,4/15/2016,6:47:33 PM,-2217921,-3093447,5101758,53.4578772,-125.6395385,884.35,1.4,val. GPS-3D,,,,,,,,,,,,,,,,,,,,,,,,,,,Mortality no radius,0,3.68,0.00,13,10324757.300,5926451.625,N/A,N/A
156,16263,4/15/2016,7:16:35 PM,4/15/2016,12:16:35 PM,Globalstar,4/15/2016,7:17:06 PM,-2217915,-3093439,5101749,53.4579012,-125.6395352,871.16,1.4,val. GPS-3D,,,,,,,,,,,,,,,,,,,,,,,,,,,Mortality no radius,0,3.68,0.00,13,10324757.613,5926454.288,N/A,N/A
157,16263,4/15/2016,7:46:44 PM,4/15/2016,12:46:44 PM,Globalstar,4/15/2016,7:47:10 PM,-2217907,-3093442,5101746,53.4579012,-125.6394110,867.43,1.4,val. GPS-3D,,,,,,,,,,,,,,,,,,,,,,,,,,,Mortality no radius,0,3.68,0.00,11,10324765.856,5926453.983,N/A,N/A
158,16263,4/15/2016,8:16:35 PM,4/15/2016,1:16:35 PM,Globalstar,4/15/2016,8:17:05 PM,-2217914,-3093438,5101743,53.4578792,-125.6395318,865.51,1.4,val. GPS-3D,,,,,,,,,,,,,,,,,,,,,,,,,,,Mortality no radius,0,3.68,0.00,11,10324757.752,5926451.830,N/A,N/A
159,16263,3/15/2019,4:02:38 AM,3/14/2019,9:02:38 PM,Globalstar,3/15/2019,4:16:12 AM,-2227768,-2937996,5187618,54.7781325,-127.1716262,538.81,3.2,GPS-3D,,,,,,,,,,,,,,,,,,,,,,,,,,,Mortality no radius,0,3.68,0.00,21,9617596.210,6071635.704,N/A,N/A
160,16263,3/19/2019,4:03:00 AM,3/18/2019,9:03:00 PM,Globalstar,3/19/2019,4:16:11 AM,,,,,,,0.0,No Fix,,,,,,,,,,,,,,,,,,,,,,,,,,,Mortality no radius,0,3.68,0.00,20,31166021.445,0.000,N/A,N/A
161,16263,3/24/2019,4:03:00 PM,3/24/2019,9:03:00 AM,Globalstar,3/24/2019,4:08:51 PM,,,,,,,0.0,No Fix,,,,,,,,,,,,,,,,,,,,,,,,,,,Mortality no radius,0,3.68,0.00,17,31166021.445,0.000,N/A,N/A
162,16263,4/19/2019,4:03:00 AM,4/18/2019,9:03:00 PM,Globalstar,4/19/2019,4:03:27 AM,,,,,,,0.0,No Fix,,,,,,,,,,,,,,,,,,,,,,,,,,,Mortality no radius,0,3.68,0.00,21,31166021.445,0.000,N/A,N/A
163,16263,4/27/2019,4:01:49 AM,4/26/2019,9:01:49 PM,Globalstar,4/27/2019,4:03:27 AM,-2227824,-2937952,5187571,54.7778980,-127.1727327,499.71,1.4,val. GPS-3D,,,,,,,,,,,,,,,,,,,,,,,,,,,Mortality no radius,0,3.68,0.00,21,9617525.729,6071607.759,N/A,N/A
164,16263,5/20/2019,4:03:01 AM,5/19/2019,9:03:01 PM,Globalstar,5/20/2019,4:03:29 AM,,,,,,,0.0,No Fix,,,,,,,,,,,,,,,,,,,,,,,,,,,Mortality no radius,0,3.68,0.00,22,31166021.445,0.000,N/A,N/A
165,16263,5/26/2019,4:03:00 AM,5/25/2019,9:03:00 PM,Globalstar,5/26/2019,4:03:26 AM,,,,,,,0.0,No Fix,,,,,,,,,,,,,,,,,,,,,,,,,,,Mortality no radius,0,3.68,0.00,22,31166021.445,0.000,N/A,N/A
166,16263,8/16/2019,4:00:41 AM,8/15/2019,9:00:41 PM,Globalstar,8/16/2019,4:01:14 AM,-2227951,-2937909,5187214,54.7757367,-127.1747089,232.57,1.8,val. GPS-3D,,,,,,,,,,,,,,,,,,,,,,,,,,,Mortality no radius,0,3.68,0.00,22,9617404.895,6071363.996,N/A,N/A
167,16263,8/17/2019,4:03:00 PM,8/17/2019,9:03:00 AM,Globalstar,8/17/2019,4:08:51 PM,,,,,,,0.0,No Fix,,,,,,,,,,,,,,,,,,,,,,,,,,,Mortality no radius,0,3.68,0.00,22,31166021.445,0.000,N/A,N/A
168,16263,9/9/2019,4:03:00 PM,9/9/2019,9:03:00 AM,Globalstar,9/9/2019,4:08:52 PM,,,,,,,0.0,No Fix,,,,,,,,,,,,,,,,,,,,,,,,,,,Mortality no radius,0,3.68,0.00,21,31166021.445,0.000,N/A,N/A
169,16263,9/12/2019,4:03:00 AM,9/11/2019,9:03:00 PM,Globalstar,9/12/2019,4:16:09 AM,,,,,,,0.0,No Fix,,,,,,,,,,,,,,,,,,,,,,,,,,,Mortality no radius,0,3.68,0.00,22,31166021.445,0.000,N/A,N/A
170,16263,9/19/2019,4:03:00 PM,9/19/2019,9:03:00 AM,Globalstar,9/19/2019,4:16:10 PM,,,,,,,0.0,No Fix,,,,,,,,,,,,,,,,,,,,,,,,,,,Mortality no radius,0,3.68,0.00,21,31166021.445,0.000,N/A,N/A
171,16263,10/8/2019,4:02:34 AM,10/7/2019,9:02:34 PM,Globalstar,10/8/2019,4:08:32 AM,-2227896,-2937951,5187518,54.7773100,-127.1736336,481.04,1.6,val. GPS-3D,,,,,,,,,,,,,,,,,,,,,,,,,,,Mortality no radius,0,3.68,0.00,21,9617469.496,6071540.835,N/A,N/A
